date,address,value
2023/5/24 22:39,0x111cff45948819988857bbf1966a0399e0d1141e,71885.63
2023/5/24 22:39,0x111cff45948819988857bbf1966a0399e0d1141e,71885.63
2023/5/24 22:39,0x111cff45948819988857bbf1966a0399e0d1141e,71885.63
2023/5/24 22:39,0x111cff45948819988857bbf1966a0399e0d1141e,71885.63
2023/5/24 22:39,0x111cff45948819988857bbf1966a0399e0d1141e,71885.63
2023/5/24 22:39,0x111cff45948819988857bbf1966a0399e0d1141e,71885.63
2023/5/24 22:39,0x111cff45948819988857bbf1966a0399e0d1141e,71885.63
2023/5/24 22:39,0x111cff45948819988857bbf1966a0399e0d1141e,71885.63
2023/5/24 22:39,0x111cff45948819988857bbf1966a0399e0d1141e,71885.63
2023/5/24 22:39,0x111cff45948819988857bbf1966a0399e0d1141e,71885.63
2023/5/24 22:39,0x111cff45948819988857bbf1966a0399e0d1141e,71545.63
